{
  "10": [
    0.0,
    0.0
  ],
  "21": [
    0.12269564838443676,
    0.03717970134056971
  ],
  "15": [
    0.2641717985157114,
    0.03717970134056971
  ],
  "22": [
    0.2904483371224405,
    0.06191711581490433
  ],
  "3": [
    0.5467347177865048,
    0.06191711581490433
  ],
  "23": [
    0.8269602191852768,
    0.07485644870050989
  ],
  "25": [
    0.8269602191852768,
    0.2373854970289739
  ],
  "24": [
    0.7138921290141473,
    0.12701128069463716
  ],
  "2": [
    0.8286931909828871,
    0.07485644870050989
  ],
  "26": [
    0.8286931909828871,
    0.2373854970289739
  ],
  "1": [
    0.6404591752706849,
    0.12701128069463716
  ],
  "11": [
    0.7138921290141473,
    0.2373854970289739
  ],
  "7": [
    0.2904483371224405,
    0.1381358387907259
  ],
  "27": [
    0.2904483371224405,
    0.3056363700413296
  ],
  "31": [
    0.7138921290141473,
    0.516506041484138
  ],
  "28": [
    0.8269602191852768,
    0.4754764494050561
  ],
  "29": [
    0.8286931909828871,
    0.4754764494050561
  ],
  "17": [
    0.12269564838443676,
    0.3056363700413296
  ],
  "39": [
    0.12269564838443676,
    0.5634721175819518
  ],
  "40": [
    0.2904483371224405,
    0.5634721175819518
  ],
  "30": [
    0.9164709857394872,
    0.4754764494050561
  ],
  "33": [
    0.8286931909828871,
    0.516506041484138
  ],
  "38": [
    0.9164709857394872,
    0.5273198037725043
  ],
  "18": [
    1.0,
    0.4754764494050561
  ],
  "32": [
    0.8039191649588802,
    0.516506041484138
  ],
  "34": [
    0.7138921290141473,
    0.5273198037725043
  ],
  "35": [
    0.8039191649588802,
    0.5273198037725043
  ],
  "14": [
    0.8269602191852768,
    0.516506041484138
  ],
  "36": [
    0.8269602191852768,
    0.5273198037725043
  ],
  "37": [
    0.8286931909828871,
    0.5273198037725043
  ],
  "41": [
    0.8039191649588802,
    0.6045711415581154
  ],
  "12": [
    0.8532707154366359,
    0.5273198037725043
  ],
  "42": [
    0.8532707154366359,
    0.6045711415581154
  ],
  "46": [
    0.06730280654273259,
    0.8832915719222408
  ],
  "9": [
    0.31312400709262006,
    0.5634721175819518
  ],
  "47": [
    0.31312400709262006,
    0.8832915719222408
  ],
  "43": [
    0.8750846535782585,
    0.6045711415581154
  ],
  "44": [
    0.8750846535782585,
    0.6260840069136442
  ],
  "19": [
    0.9164709857394872,
    0.6045711415581154
  ],
  "13": [
    0.8039191649588802,
    0.6260840069136442
  ],
  "45": [
    0.8039191649588802,
    0.817707974668153
  ],
  "4": [
    0.8750846535782585,
    0.817707974668153
  ],
  "20": [
    0.7542426398220167,
    0.8410519784681574
  ],
  "48": [
    0.728137700512817,
    0.8832915719222408
  ],
  "6": [
    0.5202408502541447,
    0.8832915719222408
  ],
  "49": [
    0.728137700512817,
    0.963533935834018
  ],
  "5": [
    0.06730280654273259,
    0.9274023038662544
  ],
  "8": [
    0.79578449799565,
    0.963533935834018
  ],
  "16": [
    0.728137700512817,
    1.0
  ]
}