{
  "7": [
    0.8891293984916918,
    0.0
  ],
  "25": [
    0.8891293984916918,
    0.07533073838587426
  ],
  "19": [
    0.5730497588849576,
    0.008473677967839335
  ],
  "23": [
    0.5730497588849576,
    0.06992235705275343
  ],
  "10": [
    0.057155804925918326,
    0.036522963197632215
  ],
  "21": [
    0.057155804925918326,
    0.06992235705275343
  ],
  "22": [
    0.15671024359660302,
    0.06992235705275343
  ],
  "26": [
    0.09863905505952304,
    0.1685870749177197
  ],
  "11": [
    0.5006292748758732,
    0.06992235705275343
  ],
  "9": [
    0.6312933008443367,
    0.07314822978711653
  ],
  "24": [
    0.7790082981291025,
    0.07533073838587426
  ],
  "14": [
    0.9326819168288942,
    0.07533073838587426
  ],
  "20": [
    1.0,
    0.0804756966388063
  ],
  "5": [
    0.15671024359660302,
    0.1685870749177197
  ],
  "15": [
    0.7790082981291025,
    0.17509676694102314
  ],
  "27": [
    0.7559728215703492,
    0.3134183455312824
  ],
  "1": [
    0.09863905505952304,
    0.2528640872803399
  ],
  "3": [
    0.002252920121994998,
    0.3403728431351978
  ],
  "17": [
    0.7057512118407417,
    0.3134183455312824
  ],
  "28": [
    0.002252920121994998,
    0.7385820010608677
  ],
  "13": [
    0.7559728215703492,
    0.4429355267934323
  ],
  "18": [
    0.6544681597595022,
    0.5674912653451011
  ],
  "31": [
    0.6544681597595022,
    0.7791865543119575
  ],
  "35": [
    0.0,
    0.9013348472640801
  ],
  "8": [
    0.23494688525627402,
    0.7385820010608677
  ],
  "29": [
    0.23494688525627402,
    0.7791865543119575
  ],
  "30": [
    0.423335749499605,
    0.7791865543119575
  ],
  "36": [
    0.23494688525627402,
    0.9013348472640801
  ],
  "32": [
    0.423335749499605,
    0.854600679203199
  ],
  "4": [
    0.6234314991183578,
    0.7791865543119575
  ],
  "33": [
    0.6234314991183578,
    0.854600679203199
  ],
  "34": [
    0.6544681597595022,
    0.854600679203199
  ],
  "6": [
    0.9629910570349111,
    0.854600679203199
  ],
  "16": [
    0.9789638436826359,
    0.8948168926926569
  ],
  "12": [
    0.423335749499605,
    0.9013348472640801
  ],
  "2": [
    0.0,
    1.0
  ]
}