{
  "18": [
    0.451418830029071,
    0.0
  ],
  "21": [
    0.451418830029071,
    0.2629071845950335
  ],
  "2": [
    0.8971669060127269,
    0.2509786933158295
  ],
  "5": [
    0.896196498270836,
    0.2629071845950335
  ],
  "22": [
    0.7766642945850047,
    0.2629071845950335
  ],
  "23": [
    0.6365028651506291,
    0.2842871358974822
  ],
  "6": [
    0.7766642945850047,
    0.2842871358974822
  ],
  "26": [
    0.7766642945850047,
    0.47130299572240386
  ],
  "9": [
    0.6365028651506291,
    0.45028687093141595
  ],
  "10": [
    0.6437675074395769,
    0.46977228976849594
  ],
  "11": [
    0.9351406108579047,
    0.4633476154057694
  ],
  "28": [
    0.9351406108579047,
    0.47130299572240386
  ],
  "24": [
    0.6437675074395769,
    0.47130299572240386
  ],
  "25": [
    0.7592617981445983,
    0.47130299572240386
  ],
  "29": [
    0.7592617981445983,
    0.47765001194354617
  ],
  "27": [
    0.7852227354083144,
    0.47130299572240386
  ],
  "13": [
    0.9946049754403051,
    0.47130299572240386
  ],
  "17": [
    1.0,
    0.5378748416727388
  ],
  "12": [
    0.7852227354083144,
    0.47765001194354617
  ],
  "20": [
    0.7592617981445983,
    0.5979234037299995
  ],
  "8": [
    0.5800554024444249,
    0.6598575907759692
  ],
  "30": [
    0.5800554024444249,
    0.6896167175521953
  ],
  "16": [
    0.6848366082142909,
    0.6896167175521953
  ],
  "3": [
    0.5685281917806252,
    0.7229246583041771
  ],
  "31": [
    0.5685281917806252,
    0.9116553955722565
  ],
  "15": [
    0.9161798838923495,
    0.8992113997635378
  ],
  "33": [
    0.9161798838923495,
    0.9498281986121399
  ],
  "4": [
    0.24879249196730457,
    0.9116553955722565
  ],
  "32": [
    0.022404580004446034,
    0.9139143818361747
  ],
  "14": [
    0.0,
    0.9139143818361747
  ],
  "19": [
    0.7354473849182444,
    0.9498281986121399
  ],
  "1": [
    0.022404580004446034,
    0.9991349711046476
  ],
  "7": [
    0.9897803566925124,
    1.0
  ]
}