{
  "10": [
    0.953142787403416,
    0.0
  ],
  "18": [
    0.8287520332123832,
    0.06560668617215111
  ],
  "11": [
    0.22532485247031458,
    0.0022427936044208184
  ],
  "21": [
    0.22532485247031458,
    0.029753439400285814
  ],
  "22": [
    0.19984267602542619,
    0.2385455103953
  ],
  "17": [
    0.2259266628241602,
    0.029753439400285814
  ],
  "9": [
    0.7629001556830466,
    0.17303884474958361
  ],
  "23": [
    0.7629001556830466,
    0.28707813703545604
  ],
  "1": [
    0.0,
    0.2385455103953
  ],
  "15": [
    1.0,
    0.28707813703545604
  ],
  "20": [
    0.19984267602542619,
    0.31042926253865655
  ],
  "24": [
    0.403693216198421,
    0.34153998048266127
  ],
  "2": [
    0.6872472201653645,
    0.3322125107230339
  ],
  "25": [
    0.6413865636710842,
    0.34153998048266127
  ],
  "16": [
    0.5434842850374029,
    0.34153998048266127
  ],
  "7": [
    0.6413865636710842,
    0.3814889566781094
  ],
  "8": [
    0.403693216198421,
    0.49974189147483933
  ],
  "26": [
    0.403693216198421,
    0.7134319676493609
  ],
  "12": [
    0.06600468895183671,
    0.7134319676493609
  ],
  "13": [
    0.4305296710554654,
    0.7350468479475732
  ],
  "27": [
    0.4305296710554654,
    0.8454537281150921
  ],
  "6": [
    0.9701800303161453,
    0.8239846555176379
  ],
  "28": [
    0.8607474632278285,
    0.8454537281150921
  ],
  "29": [
    0.38107210032633954,
    0.9182644482706618
  ],
  "5": [
    0.5384649938772873,
    0.8454537281150921
  ],
  "19": [
    0.23632799279632596,
    0.9182644482706618
  ],
  "3": [
    0.8607474632278285,
    0.9367073442738749
  ],
  "4": [
    0.38107210032633954,
    0.9468966575696146
  ],
  "14": [
    0.38307957065118176,
    1.0
  ]
}