{
  "5": [
    0.351792580587773,
    0.0
  ],
  "21": [
    0.351792580587773,
    0.10353054641389878
  ],
  "13": [
    0.6441361500695639,
    0.05251251649750451
  ],
  "23": [
    0.6441361500695639,
    0.10353054641389878
  ],
  "22": [
    0.6183858811939754,
    0.10353054641389878
  ],
  "24": [
    0.12931327602044984,
    0.13486638113131394
  ],
  "17": [
    0.8846667627254828,
    0.10353054641389878
  ],
  "1": [
    0.0015926783787973743,
    0.13486638113131394
  ],
  "9": [
    0.0,
    0.24320734932509058
  ],
  "14": [
    0.6183858811939754,
    0.2727616144500441
  ],
  "2": [
    0.6497700120703415,
    0.3592661156082597
  ],
  "25": [
    0.6497700120703415,
    0.36042973269790457
  ],
  "26": [
    0.6826300837564085,
    0.36042973269790457
  ],
  "27": [
    0.841217014643665,
    0.36042973269790457
  ],
  "28": [
    0.841217014643665,
    0.4365250038040223
  ],
  "15": [
    1.0,
    0.36042973269790457
  ],
  "19": [
    0.12931327602044984,
    0.3953841005199673
  ],
  "6": [
    0.6826300837564085,
    0.4365250038040223
  ],
  "29": [
    0.7201158971580556,
    0.521401820138471
  ],
  "30": [
    0.7666024382114511,
    0.521401820138471
  ],
  "31": [
    0.7666024382114511,
    0.5742110733594781
  ],
  "18": [
    0.841217014643665,
    0.521401820138471
  ],
  "20": [
    0.7201158971580556,
    0.5742110733594781
  ],
  "32": [
    0.7201158971580556,
    0.721192863240457
  ],
  "16": [
    0.2987221152300507,
    0.679705230794974
  ],
  "34": [
    0.2987221152300507,
    0.815054067683555
  ],
  "33": [
    0.7433537597143001,
    0.721192863240457
  ],
  "36": [
    0.7201158971580556,
    0.865802023510007
  ],
  "37": [
    0.7433537597143001,
    0.865802023510007
  ],
  "11": [
    0.7666024382114511,
    0.721192863240457
  ],
  "7": [
    0.1355186423930431,
    0.815054067683555
  ],
  "35": [
    0.33335339048045526,
    0.854644515841052
  ],
  "3": [
    0.5394776248641325,
    0.854644515841052
  ],
  "10": [
    0.697053451758355,
    0.865802023510007
  ],
  "12": [
    0.7433537597143001,
    0.9161663592035963
  ],
  "8": [
    0.33335339048045526,
    0.9730547655090334
  ],
  "4": [
    0.23422740553052626,
    1.0
  ]
}