{
  "6": [
    0.6689592638739655,
    0.0
  ],
  "21": [
    0.6689592638739655,
    0.07531610942123354
  ],
  "2": [
    0.5132715831683621,
    0.05767701803158354
  ],
  "22": [
    0.5132715831683621,
    0.11140095123088327
  ],
  "10": [
    0.8248092677132515,
    0.07531610942123354
  ],
  "23": [
    0.4553710880828044,
    0.16116682959531617
  ],
  "16": [
    0.607961293329884,
    0.11140095123088327
  ],
  "3": [
    0.8873473284769058,
    0.14040160658094608
  ],
  "25": [
    0.8873473284769058,
    0.25406901704531415
  ],
  "4": [
    0.1856292141632873,
    0.16116682959531617
  ],
  "19": [
    0.18097299903658406,
    0.20769585572192947
  ],
  "24": [
    0.11284823026630475,
    0.223039772307615
  ],
  "20": [
    0.0,
    0.223039772307615
  ],
  "26": [
    0.8693622795002239,
    0.25540222023820947
  ],
  "5": [
    0.9503669409246939,
    0.25406901704531415
  ],
  "1": [
    0.8009526638445224,
    0.25540222023820947
  ],
  "14": [
    0.4553710880828044,
    0.2763554750169705
  ],
  "27": [
    0.4553710880828044,
    0.5122577520650706
  ],
  "7": [
    0.11284823026630475,
    0.4436174605578524
  ],
  "29": [
    0.11284823026630475,
    0.5442758892611635
  ],
  "18": [
    0.5719904660684744,
    0.5122577520650706
  ],
  "31": [
    0.5719904660684744,
    0.5595139171807053
  ],
  "17": [
    0.07451986265254129,
    0.5222434536437505
  ],
  "28": [
    0.08855206201952275,
    0.5442758892611635
  ],
  "30": [
    0.1431133681227163,
    0.5442758892611635
  ],
  "11": [
    0.3549728754709637,
    0.5442758892611635
  ],
  "32": [
    0.6228687665390135,
    0.5595139171807053
  ],
  "9": [
    0.8693622795002239,
    0.5595139171807053
  ],
  "33": [
    0.8693622795002239,
    0.7566075148924056
  ],
  "8": [
    0.08855206201952275,
    0.5636678729507195
  ],
  "13": [
    0.1431133681227163,
    0.6406257398918775
  ],
  "15": [
    0.6228687665390135,
    0.7566075148924056
  ],
  "12": [
    1.0,
    1.0
  ]
}