{
  "9": [
    0.9646082910937874,
    0.0
  ],
  "10": [
    0.6158246859355322,
    0.028775181309131606
  ],
  "22": [
    0.6158246859355322,
    0.2867640859685076
  ],
  "13": [
    0.44933533862758773,
    0.13534710461268218
  ],
  "21": [
    0.44933533862758773,
    0.28473130672279806
  ],
  "19": [
    0.47553315500785814,
    0.28473130672279806
  ],
  "14": [
    0.6069622914476629,
    0.2867640859685076
  ],
  "23": [
    0.33810208266114344,
    0.28891313652753636
  ],
  "24": [
    0.33810208266114344,
    0.38041078516025983
  ],
  "4": [
    0.37941475244330186,
    0.28891313652753636
  ],
  "15": [
    0.28872115654825714,
    0.38041078516025983
  ],
  "26": [
    0.28872115654825714,
    0.5004090341420752
  ],
  "2": [
    0.715200512078602,
    0.3847453658238309
  ],
  "25": [
    0.715200512078602,
    0.4865383528570317
  ],
  "30": [
    0.715200512078602,
    0.5797991795229077
  ],
  "29": [
    0.6688161825164708,
    0.5797991795229077
  ],
  "1": [
    0.8393645853932701,
    0.4865383528570317
  ],
  "32": [
    0.8393645853932701,
    0.5797991795229077
  ],
  "28": [
    0.11109659759156527,
    0.5584944300945365
  ],
  "7": [
    0.33810208266114344,
    0.5004090341420752
  ],
  "27": [
    0.3857553679784344,
    0.5480480779564414
  ],
  "17": [
    0.3940025395768066,
    0.5480480779564414
  ],
  "3": [
    0.0,
    0.5584944300945365
  ],
  "8": [
    0.11109659759156527,
    0.8095701713589013
  ],
  "6": [
    0.3857553679784344,
    0.5616862166148464
  ],
  "34": [
    0.3857553679784344,
    0.8010557296279689
  ],
  "31": [
    0.7790717014123794,
    0.5797991795229077
  ],
  "5": [
    1.0,
    0.5797991795229077
  ],
  "18": [
    0.6688161825164708,
    0.6204117996390494
  ],
  "33": [
    0.6688161825164708,
    0.7843565517726975
  ],
  "35": [
    0.5532552378771636,
    0.8010557296279689
  ],
  "20": [
    0.7790717014123794,
    0.7843565517726975
  ],
  "36": [
    0.2748210326918473,
    0.8095701713589013
  ],
  "11": [
    0.4266548361244393,
    0.8010557296279689
  ],
  "12": [
    0.5532552378771636,
    0.8128820508592033
  ],
  "16": [
    0.2748210326918473,
    1.0
  ]
}