{
  "17": [
    0.028645723315496772,
    0.0
  ],
  "21": [
    0.12238709978975451,
    0.06632626897914339
  ],
  "2": [
    0.15841321283692986,
    0.06632626897914339
  ],
  "19": [
    0.1879693782252548,
    0.07517196812281234
  ],
  "16": [
    0.8588549620722169,
    0.12352653860566888
  ],
  "22": [
    0.8151700345794956,
    0.24153315860977592
  ],
  "8": [
    0.12238709978975451,
    0.2211697428918489
  ],
  "24": [
    0.12238709978975451,
    0.2920510062847112
  ],
  "5": [
    0.7120688461846152,
    0.24153315860977592
  ],
  "23": [
    0.48265272460717173,
    0.2813984381616669
  ],
  "12": [
    0.459362800660489,
    0.2813984381616669
  ],
  "25": [
    0.12238709978975451,
    0.3363256772858215
  ],
  "4": [
    0.21589027594383506,
    0.2920510062847112
  ],
  "15": [
    0.0827394430067532,
    0.3363256772858215
  ],
  "26": [
    0.12238709978975451,
    0.4994026217815074
  ],
  "3": [
    0.8151700345794956,
    0.4047539657954853
  ],
  "7": [
    0.8647025552152836,
    0.4692689570999138
  ],
  "1": [
    0.48265272460717173,
    0.4483391400491685
  ],
  "27": [
    0.8647025552152836,
    0.5428859319691902
  ],
  "28": [
    0.12238709978975451,
    0.590868547787357
  ],
  "11": [
    0.12465640727400858,
    0.4994026217815074
  ],
  "14": [
    0.7571736498311474,
    0.5428859319691902
  ],
  "18": [
    0.0,
    0.590868547787357
  ],
  "13": [
    0.1242202310273445,
    0.6081745332873901
  ],
  "29": [
    0.14158121417444713,
    0.7563265358212298
  ],
  "20": [
    0.24595688664091706,
    0.7563265358212298
  ],
  "10": [
    0.37841896110503376,
    0.7901672171734926
  ],
  "9": [
    1.0,
    0.9892825776481466
  ],
  "6": [
    0.14158121417444713,
    1.0
  ]
}