{
  "16": [
    0.6109764286860289,
    0.0
  ],
  "21": [
    0.6109764286860289,
    0.012330776023085716
  ],
  "25": [
    0.6109764286860289,
    0.060395789563729506
  ],
  "23": [
    0.5458972568270526,
    0.04136550575900621
  ],
  "19": [
    0.8403384106643419,
    0.012330776023085716
  ],
  "26": [
    0.8403384106643419,
    0.060395789563729506
  ],
  "22": [
    0.18205399077053688,
    0.04136550575900621
  ],
  "28": [
    0.18205399077053688,
    0.19698221805735766
  ],
  "12": [
    0.2951551919701925,
    0.04136550575900621
  ],
  "29": [
    0.2951551919701925,
    0.19698221805735766
  ],
  "24": [
    0.5458972568270526,
    0.060395789563729506
  ],
  "9": [
    0.8309950505141142,
    0.060395789563729506
  ],
  "27": [
    0.9353579555282461,
    0.19578409149162407
  ],
  "2": [
    1.0,
    0.19578409149162407
  ],
  "30": [
    0.18205399077053688,
    0.25064746952503386
  ],
  "20": [
    0.5458972568270526,
    0.19698221805735766
  ],
  "15": [
    0.1737108657986475,
    0.25064746952503386
  ],
  "14": [
    0.9353579555282461,
    0.3939305753324306
  ],
  "1": [
    0.18205399077053688,
    0.50346905286989
  ],
  "31": [
    0.18205399077053688,
    0.63465096504802
  ],
  "18": [
    0.01603710402602491,
    0.6215991535433422
  ],
  "32": [
    0.01603710402602491,
    0.6684552428074929
  ],
  "6": [
    0.3400217814076643,
    0.63465096504802
  ],
  "34": [
    0.39958768829091584,
    0.7371090796272463
  ],
  "10": [
    0.0,
    0.6684552428074929
  ],
  "33": [
    0.09714532432569715,
    0.6693656051398781
  ],
  "4": [
    0.11281981512879202,
    0.6693656051398781
  ],
  "13": [
    0.7894008188502487,
    0.6912335902314893
  ],
  "35": [
    0.7894008188502487,
    0.7371090796272463
  ],
  "8": [
    0.6382744578199483,
    0.7371090796272463
  ],
  "5": [
    0.39958768829091584,
    0.7449851185530983
  ],
  "17": [
    0.09714532432569715,
    0.7824938497602332
  ],
  "11": [
    0.9555947047057373,
    0.8879238507697667
  ],
  "3": [
    0.05333435221569993,
    0.9152010696233245
  ],
  "7": [
    0.04518601577238854,
    1.0
  ]
}