{
  "19": [
    0.3738427899765251,
    0.0
  ],
  "21": [
    0.29560064415356807,
    0.19201714868211256
  ],
  "6": [
    0.8788988871345393,
    0.10761946935434827
  ],
  "25": [
    0.8788988871345393,
    0.38280858430246
  ],
  "18": [
    0.2185141500156439,
    0.19201714868211256
  ],
  "10": [
    0.4489112509614797,
    0.34749111792272086
  ],
  "22": [
    0.4489112509614797,
    0.3688912894848803
  ],
  "17": [
    0.29560064415356807,
    0.3612057316577806
  ],
  "23": [
    0.37491335335672155,
    0.36936686280447417
  ],
  "8": [
    0.7231133362906461,
    0.3688912894848803
  ],
  "24": [
    0.7685297939180623,
    0.38280858430246
  ],
  "16": [
    0.3993873157907796,
    0.36936686280447417
  ],
  "14": [
    1.0,
    0.38280858430246
  ],
  "2": [
    0.37491335335672155,
    0.48909351853731436
  ],
  "7": [
    0.15781580863240824,
    0.4927068294002879
  ],
  "20": [
    0.15124476443671966,
    0.5040060120001432
  ],
  "26": [
    0.15124476443671966,
    0.5488694748477695
  ],
  "15": [
    0.17949347646243255,
    0.5488694748477695
  ],
  "13": [
    0.08822834166767025,
    0.55549025069463
  ],
  "9": [
    0.19972948455005776,
    0.61932233993374
  ],
  "4": [
    0.0,
    0.621072073058107
  ],
  "3": [
    0.7685297939180623,
    0.6643606505298901
  ],
  "27": [
    0.7685297939180623,
    0.6763324371557848
  ],
  "1": [
    0.6917993876788988,
    0.6763324371557848
  ],
  "11": [
    0.8494269853383046,
    0.776389819863918
  ],
  "5": [
    0.8681398764585594,
    0.930778498351869
  ],
  "12": [
    0.9056638188914192,
    1.0
  ]
}