{
  "12": [
    0.8828843859070529,
    0.0
  ],
  "27": [
    0.8828843859070529,
    0.08092318755343143
  ],
  "11": [
    0.3979794042710144,
    0.04542790995740007
  ],
  "21": [
    0.3979794042710144,
    0.05177688836323611
  ],
  "22": [
    0.5676751573190364,
    0.05177688836323611
  ],
  "23": [
    0.3979794042710144,
    0.08092318755343143
  ],
  "24": [
    0.5676751573190364,
    0.08092318755343143
  ],
  "8": [
    0.6870309120144823,
    0.05177688836323611
  ],
  "25": [
    0.6870309120144823,
    0.08092318755343143
  ],
  "1": [
    0.0,
    0.05507172014045256
  ],
  "28": [
    0.0,
    0.08621651282986303
  ],
  "35": [
    0.3979794042710144,
    0.15647788614436106
  ],
  "30": [
    0.2604743555029766,
    0.08621651282986303
  ],
  "26": [
    0.7415094610171262,
    0.08092318755343143
  ],
  "38": [
    0.6870309120144823,
    0.24894320395229216
  ],
  "7": [
    0.8049195802816131,
    0.08092318755343143
  ],
  "31": [
    0.9689563172059189,
    0.15117568644345605
  ],
  "29": [
    0.1309654877259072,
    0.08621651282986303
  ],
  "19": [
    0.22362386989496155,
    0.08621651282986303
  ],
  "34": [
    0.22362386989496155,
    0.15647788614436106
  ],
  "20": [
    0.1309654877259072,
    0.09921794806633014
  ],
  "32": [
    0.1309654877259072,
    0.15647788614436106
  ],
  "17": [
    1.0,
    0.15117568644345605
  ],
  "33": [
    0.14661413052181366,
    0.15647788614436106
  ],
  "46": [
    0.1309654877259072,
    0.6297309086254297
  ],
  "39": [
    0.14661413052181366,
    0.3176750836548968
  ],
  "9": [
    0.2604743555029766,
    0.15647788614436106
  ],
  "40": [
    0.2604743555029766,
    0.3176750836548968
  ],
  "36": [
    0.3979794042710144,
    0.24894320395229216
  ],
  "37": [
    0.44650849234445056,
    0.24894320395229216
  ],
  "41": [
    0.3979794042710144,
    0.3176750836548968
  ],
  "10": [
    0.5676751573190364,
    0.24894320395229216
  ],
  "42": [
    0.5676751573190364,
    0.3176750836548968
  ],
  "44": [
    0.6870309120144823,
    0.3639065324100705
  ],
  "4": [
    0.44650849234445056,
    0.3176750836548968
  ],
  "47": [
    0.44650849234445056,
    0.6297309086254297
  ],
  "43": [
    0.5906557783182901,
    0.3639065324100705
  ],
  "16": [
    0.7415094610171262,
    0.3639065324100705
  ],
  "45": [
    0.7415094610171262,
    0.5332193911015339
  ],
  "49": [
    0.7405826542594228,
    0.7755645949188272
  ],
  "15": [
    0.9689563172059189,
    0.5332193911015339
  ],
  "13": [
    0.14661413052181366,
    0.6297309086254297
  ],
  "48": [
    0.44650849234445056,
    0.7755645949188272
  ],
  "5": [
    0.09442522856959544,
    0.7452882856790185
  ],
  "50": [
    0.09442522856959544,
    0.8477135314266229
  ],
  "51": [
    0.3177112405070339,
    0.9427198927754386
  ],
  "14": [
    0.5906557783182901,
    0.7755645949188272
  ],
  "54": [
    0.5906557783182901,
    0.9565953243615591
  ],
  "6": [
    0.054094743200216115,
    0.8477135314266229
  ],
  "18": [
    0.15912869070307634,
    0.9427198927754386
  ],
  "52": [
    0.15912869070307634,
    0.9565953243615591
  ],
  "53": [
    0.3177112405070339,
    0.9565953243615591
  ],
  "2": [
    0.7405826542594228,
    0.9565953243615591
  ],
  "3": [
    0.3177112405070339,
    1.0
  ]
}