{
  "16": [
    0.3815814872970843,
    0.0
  ],
  "21": [
    0.3815814872970843,
    0.11093548121801929
  ],
  "6": [
    0.7672054241588875,
    0.03662702559636402
  ],
  "23": [
    0.7672054241588875,
    0.11093548121801929
  ],
  "22": [
    0.40508362661843295,
    0.11093548121801929
  ],
  "24": [
    0.3815814872970843,
    0.13043660540709093
  ],
  "26": [
    0.40508362661843295,
    0.15377133086144787
  ],
  "1": [
    0.4400829587372443,
    0.11093548121801929
  ],
  "27": [
    0.4400829587372443,
    0.15377133086144787
  ],
  "29": [
    0.7672054241588875,
    0.15377133086144787
  ],
  "14": [
    0.2769374730963823,
    0.13043660540709093
  ],
  "25": [
    0.09729147780527783,
    0.13254889679989862
  ],
  "7": [
    0.0,
    0.13254889679989862
  ],
  "31": [
    0.40508362661843295,
    0.20573061842052037
  ],
  "28": [
    0.7132083320818036,
    0.15377133086144787
  ],
  "32": [
    0.4400829587372443,
    0.20573061842052037
  ],
  "33": [
    0.7132083320818036,
    0.20573061842052037
  ],
  "30": [
    0.9752164309228888,
    0.15377133086144787
  ],
  "34": [
    0.7672054241588875,
    0.20573061842052037
  ],
  "4": [
    0.9767829531707134,
    0.15377133086144787
  ],
  "8": [
    0.09729147780527783,
    0.18470709068226343
  ],
  "35": [
    0.09729147780527783,
    0.4020483466933197
  ],
  "10": [
    0.9752164309228888,
    0.20573061842052037
  ],
  "37": [
    0.9752164309228888,
    0.559042897597667
  ],
  "12": [
    0.40508362661843295,
    0.2983826571902426
  ],
  "11": [
    0.06411187845402984,
    0.4020483466933197
  ],
  "3": [
    0.7132083320818036,
    0.4841066480788596
  ],
  "36": [
    0.7132083320818036,
    0.559042897597667
  ],
  "5": [
    0.7978345682386461,
    0.559042897597667
  ],
  "44": [
    0.7978345682386461,
    0.9680764057453254
  ],
  "45": [
    0.9752164309228888,
    0.9680764057453254
  ],
  "20": [
    0.5610819121679341,
    0.5707864072910351
  ],
  "38": [
    0.583413542293179,
    0.5754444317346801
  ],
  "17": [
    0.6176965039213288,
    0.5754444317346801
  ],
  "9": [
    0.583413542293179,
    0.757637935842598
  ],
  "43": [
    0.583413542293179,
    0.9680764057453254
  ],
  "41": [
    0.4512944439563621,
    0.9079350362572072
  ],
  "13": [
    0.10654657858767784,
    0.796069852150318
  ],
  "39": [
    0.10654657858767784,
    0.9079350362572072
  ],
  "40": [
    0.1344342831051483,
    0.9079350362572072
  ],
  "2": [
    0.44989522517744984,
    0.9079350362572072
  ],
  "42": [
    0.4512944439563621,
    0.9680764057453254
  ],
  "15": [
    1.0,
    0.9680764057453254
  ],
  "19": [
    0.4512944439563621,
    0.9921645642424562
  ],
  "18": [
    0.1344342831051483,
    1.0
  ]
}