{
  "5": [
    0.9237309186326195,
    0.0
  ],
  "21": [
    0.9237309186326195,
    0.02180433434109417
  ],
  "24": [
    0.7610330226896381,
    0.12818062063753874
  ],
  "6": [
    0.93471425120788,
    0.02180433434109417
  ],
  "29": [
    0.93471425120788,
    0.23115435240040805
  ],
  "1": [
    0.3593106189799414,
    0.06470480293137303
  ],
  "22": [
    0.3593106189799414,
    0.12818062063753874
  ],
  "23": [
    0.4415315064401919,
    0.12818062063753874
  ],
  "25": [
    0.3593106189799414,
    0.22978068113491815
  ],
  "13": [
    0.5258922361091467,
    0.12818062063753874
  ],
  "27": [
    0.5258922361091467,
    0.22978068113491815
  ],
  "26": [
    0.39231845869884385,
    0.22978068113491815
  ],
  "36": [
    0.3593106189799414,
    0.41344966739661904
  ],
  "31": [
    0.39231845869884385,
    0.37838159991242687
  ],
  "14": [
    0.4415315064401919,
    0.22978068113491815
  ],
  "32": [
    0.4415315064401919,
    0.37838159991242687
  ],
  "28": [
    0.6747695302918622,
    0.23115435240040805
  ],
  "4": [
    0.7610330226896381,
    0.23115435240040805
  ],
  "30": [
    0.9409245289719848,
    0.37071376860069666
  ],
  "35": [
    0.9409245289719848,
    0.37838159991242687
  ],
  "7": [
    1.0,
    0.37071376860069666
  ],
  "37": [
    0.39231845869884385,
    0.41344966739661904
  ],
  "33": [
    0.5659869142096281,
    0.37838159991242687
  ],
  "40": [
    0.4415315064401919,
    0.4812920844149972
  ],
  "34": [
    0.5814531570201383,
    0.37838159991242687
  ],
  "42": [
    0.5814531570201383,
    0.48544525066486305
  ],
  "11": [
    0.6747695302918622,
    0.37838159991242687
  ],
  "10": [
    0.06820162908806335,
    0.41344966739661904
  ],
  "38": [
    0.15281522276644233,
    0.4812920844149972
  ],
  "39": [
    0.3593106189799414,
    0.4812920844149972
  ],
  "18": [
    0.39231845869884385,
    0.4812920844149972
  ],
  "41": [
    0.4415315064401919,
    0.48544525066486305
  ],
  "3": [
    0.5659869142096281,
    0.48544525066486305
  ],
  "19": [
    0.5814531570201383,
    0.6039535883565813
  ],
  "2": [
    0.9409245289719848,
    0.596244297302314
  ],
  "15": [
    0.8732578085133029,
    0.6956233001637766
  ],
  "43": [
    0.5814531570201383,
    0.6956233001637766
  ],
  "44": [
    0.6428202925081015,
    0.6956233001637766
  ],
  "46": [
    0.5814531570201383,
    0.7740714789229562
  ],
  "8": [
    0.15281522276644233,
    0.7241801785413046
  ],
  "48": [
    0.15281522276644233,
    0.7918434302437187
  ],
  "47": [
    0.0,
    0.7918434302437187
  ],
  "45": [
    0.4946207984853498,
    0.7740714789229562
  ],
  "49": [
    0.4946207984853498,
    0.7918434302437187
  ],
  "12": [
    0.6428202925081015,
    0.7740714789229562
  ],
  "50": [
    0.15281522276644233,
    0.8919626798858377
  ],
  "20": [
    0.48023984592637636,
    0.7918434302437187
  ],
  "52": [
    0.48023984592637636,
    0.9959303878231044
  ],
  "9": [
    0.0,
    0.8919626798858377
  ],
  "51": [
    0.3476891552597479,
    0.9959303878231044
  ],
  "17": [
    0.4946207984853498,
    0.9959303878231044
  ],
  "16": [
    0.3476891552597479,
    1.0
  ]
}