{
  "5": [
    0.18699903052583342,
    0.0
  ],
  "24": [
    0.18699903052583342,
    0.30358089855204584
  ],
  "6": [
    1.0,
    0.008405609492988134
  ],
  "21": [
    0.8822049469054387,
    0.05630314356473252
  ],
  "16": [
    0.8131354366847647,
    0.05630314356473252
  ],
  "17": [
    0.5573447134121771,
    0.21472956834860293
  ],
  "22": [
    0.5573447134121771,
    0.26574714739353056
  ],
  "1": [
    0.8822049469054387,
    0.2537023565340262
  ],
  "23": [
    0.8148274361522257,
    0.26574714739353056
  ],
  "4": [
    0.6231271610107715,
    0.26574714739353056
  ],
  "11": [
    0.0,
    0.30358089855204584
  ],
  "25": [
    0.2291764310847773,
    0.30536317364814564
  ],
  "15": [
    0.41914140187674476,
    0.30536317364814564
  ],
  "3": [
    0.2291764310847773,
    0.3747777018095629
  ],
  "12": [
    0.20465831726333578,
    0.5069929045687285
  ],
  "18": [
    0.8148274361522257,
    0.49405752313232143
  ],
  "26": [
    0.20465831726333578,
    0.628915082729386
  ],
  "10": [
    0.3833158281675606,
    0.5727909810535272
  ],
  "28": [
    0.3833158281675606,
    0.628915082729386
  ],
  "27": [
    0.3679850116251401,
    0.628915082729386
  ],
  "14": [
    0.5484586626586333,
    0.628915082729386
  ],
  "19": [
    0.1599806704772742,
    0.636002248659161
  ],
  "13": [
    0.15697386816861322,
    0.6666148867313916
  ],
  "8": [
    0.3679850116251401,
    0.7406721059908534
  ],
  "29": [
    0.3679850116251401,
    0.9646616527644833
  ],
  "2": [
    0.7635074866923542,
    0.9125966847471018
  ],
  "20": [
    0.5918447135787344,
    0.9362988893446982
  ],
  "9": [
    0.4026584533961188,
    0.9646616527644833
  ],
  "7": [
    0.07941149331555834,
    1.0
  ]
}