{
  "15": [
    0.70774889090931,
    0.0
  ],
  "21": [
    0.70774889090931,
    0.11576949366687773
  ],
  "8": [
    0.15150975701973185,
    0.05652370752275476
  ],
  "23": [
    0.15150975701973185,
    0.21294312942453708
  ],
  "22": [
    0.70774889090931,
    0.15209748446547028
  ],
  "9": [
    0.9361805356146965,
    0.11576949366687773
  ],
  "36": [
    0.9361805356146965,
    0.46877042469858726
  ],
  "7": [
    0.6631543851057526,
    0.15209748446547028
  ],
  "29": [
    0.6631543851057526,
    0.3078284702262631
  ],
  "25": [
    0.47947866769521713,
    0.2509341784297694
  ],
  "42": [
    0.70774889090931,
    0.4715708069687863
  ],
  "2": [
    0.0,
    0.21294312942453708
  ],
  "24": [
    0.37311361367471935,
    0.2509341784297694
  ],
  "14": [
    0.39566214982051523,
    0.2509341784297694
  ],
  "26": [
    0.39566214982051523,
    0.3078284702262631
  ],
  "27": [
    0.4286914878355265,
    0.3078284702262631
  ],
  "30": [
    0.39566214982051523,
    0.4301159808207733
  ],
  "28": [
    0.4680415003286405,
    0.3078284702262631
  ],
  "34": [
    0.4680415003286405,
    0.4372255811528549
  ],
  "17": [
    0.47947866769521713,
    0.3078284702262631
  ],
  "35": [
    0.47947866769521713,
    0.4372255811528549
  ],
  "41": [
    0.6631543851057526,
    0.4715708069687863
  ],
  "16": [
    0.37311361367471935,
    0.4301159808207733
  ],
  "32": [
    0.37311361367471935,
    0.4372255811528549
  ],
  "31": [
    0.3635132409956932,
    0.4372255811528549
  ],
  "33": [
    0.39566214982051523,
    0.4372255811528549
  ],
  "44": [
    0.3635132409956932,
    0.5338359871115639
  ],
  "12": [
    0.4286914878355265,
    0.4372255811528549
  ],
  "37": [
    0.4286914878355265,
    0.4715708069687863
  ],
  "38": [
    0.4680415003286405,
    0.4715708069687863
  ],
  "39": [
    0.47947866769521713,
    0.4715708069687863
  ],
  "20": [
    1.0,
    0.46877042469858726
  ],
  "45": [
    0.4286914878355265,
    0.5338359871115639
  ],
  "46": [
    0.4680415003286405,
    0.5338359871115639
  ],
  "40": [
    0.5184075065085827,
    0.4715708069687863
  ],
  "47": [
    0.47947866769521713,
    0.5338359871115639
  ],
  "43": [
    0.7356502546480864,
    0.4715708069687863
  ],
  "48": [
    0.70774889090931,
    0.5338359871115639
  ],
  "49": [
    0.7356502546480864,
    0.5338359871115639
  ],
  "13": [
    0.7867498191965621,
    0.4715708069687863
  ],
  "50": [
    0.3635132409956932,
    0.5419831439140245
  ],
  "51": [
    0.4680415003286405,
    0.5745475248163607
  ],
  "4": [
    0.5184075065085827,
    0.5338359871115639
  ],
  "53": [
    0.5184075065085827,
    0.7012118251494096
  ],
  "10": [
    0.3267658658569219,
    0.5419831439140245
  ],
  "6": [
    0.3635132409956932,
    0.5745475248163607
  ],
  "55": [
    0.3635132409956932,
    0.8919059863338271
  ],
  "52": [
    0.4680415003286405,
    0.7012118251494096
  ],
  "5": [
    0.7356502546480864,
    0.6368805416227616
  ],
  "54": [
    0.7356502546480864,
    0.7012118251494096
  ],
  "1": [
    0.6983434744680082,
    0.7012118251494096
  ],
  "19": [
    0.7696605124154725,
    0.7210961821870195
  ],
  "18": [
    0.3387765342260169,
    0.8919059863338271
  ],
  "56": [
    0.3635132409956932,
    0.9106879975875587
  ],
  "57": [
    0.423672529904468,
    0.9106879975875587
  ],
  "3": [
    0.4680415003286405,
    0.9106879975875587
  ],
  "11": [
    0.423672529904468,
    1.0
  ]
}