{"1": [-0.20485071280178477, 1.0], "2": [0.15941840739251184, 0.5058287897438527], "3": [0.9377981968913933, 0.5748296517596418], "4": [0.5908137418020569, -0.06178831258842492], "5": [0.40202536636996317, -0.6395220825669046], "6": [-0.3894120927033944, -0.09670094182389415], "7": [-0.9464448285933788, -0.41203200298159065], "8": [-0.10279564245392188, -0.30129919280697914], "9": [-0.3397566572271217, -0.7456528666087907], "10": [-0.10679577867632166, 0.17633695787308906]}