{"1": [0.49660317912442026, -0.02132079634774973], "2": [0.010892309989696728, -0.4663241289470895], "3": [-0.493757234436764, -0.006721360504177823], "4": [-0.02568329824469156, 0.46422051173139817], "5": [0.9889698481215355, 0.13633565615911053], "6": [0.08042106346675884, -0.9915931816757937], "8": [-0.05744586802095699, 0.9827192772805591], "7": [-1.0, -0.09731597769625773]}