{"1": [-1.0, 0.22552195450000068], "2": [-0.3170881644436956, -0.34141241214878787], "6": [-0.13979442162668468, 0.4448617266881965], "3": [0.3033308675615918, -0.9809518216718386], "4": [0.4551453532609, -0.10460105492994108], "5": [0.6984063652478885, 0.7565816075623693]}