{"1": [-1.0, -0.23473951565054083], "2": [-0.22628396496159286, -0.748952709948565], "6": [-0.5424749173912679, 0.5723606571275766], "3": [0.7075968635521562, -0.7534379809037147], "7": [0.0018500753447957207, 0.002850880816306198], "4": [0.76397816249643, 0.17736127102952814], "5": [0.29533378095947826, 0.98455739752941]}