{"1": [0.36204524658689735, -0.23269068646974936], "2": [0.3767307113803713, -0.7395340531213996], "4": [-0.3536965750494653, -0.1418453832066722], "6": [0.6411164882721672, 0.36993844186863745], "8": [-0.03525821307251319, -0.382171988008374], "10": [-0.8291848719750534, 0.19873647206466244], "12": [0.23004084198185631, 0.8449050056780604], "3": [-0.39041532791258815, -0.9680809341879335], "9": [-0.7422688561012437, -0.4411134461998455], "5": [-0.13610507079517997, 0.5776339427085523], "11": [-0.49393607220877594, 0.841395578904249], "7": [1.0, -0.19572602321599847], "13": [0.3709316988935316, 0.2685530731858114]}