{
  "9": [
    0.4061057010777794,
    0.0
  ],
  "13": [
    0.4061057010777794,
    0.3922048759767646
  ],
  "11": [
    0.1742664099036183,
    0.24879362298355323
  ],
  "5": [
    0.0,
    0.24879362298355323
  ],
  "12": [
    0.1742664099036183,
    0.3922048759767646
  ],
  "7": [
    0.6818790738115589,
    0.3922048759767646
  ],
  "14": [
    0.6818790738115589,
    0.555555530610568
  ],
  "2": [
    0.1742664099036183,
    0.5489398205667132
  ],
  "16": [
    0.22207875572418298,
    0.7300793445175682
  ],
  "15": [
    0.8191347102642679,
    0.555555530610568
  ],
  "17": [
    0.6818790738115589,
    0.7300793445175682
  ],
  "6": [
    0.8965150887378655,
    0.555555530610568
  ],
  "1": [
    1.0,
    0.583782417944586
  ],
  "3": [
    0.44801482033535545,
    0.7300793445175682
  ],
  "8": [
    0.22207875572418298,
    0.8082946024983801
  ],
  "10": [
    0.22367505576518168,
    1.0
  ],
  "4": [
    0.8191347102642679,
    0.9261543929095968
  ]
}