{
  "8": [
    0.4009624269357413,
    0.0
  ],
  "12": [
    0.4009624269357413,
    0.0389087565373195
  ],
  "11": [
    0.26696714451528125,
    0.0389087565373195
  ],
  "6": [
    0.903258258841083,
    0.0389087565373195
  ],
  "7": [
    1.0,
    0.4025285134619075
  ],
  "3": [
    0.26696714451528125,
    0.2433125674851608
  ],
  "13": [
    0.26696714451528125,
    0.5493254592580314
  ],
  "10": [
    0.16936754327998166,
    0.5493254592580314
  ],
  "14": [
    0.16936754327998166,
    0.7641501391718196
  ],
  "15": [
    0.26696714451528125,
    0.7641501391718196
  ],
  "16": [
    0.02579651166093261,
    0.8060271851988305
  ],
  "5": [
    0.2866636071353509,
    0.7641501391718196
  ],
  "17": [
    0.2866636071353509,
    0.8060271851988305
  ],
  "18": [
    0.4207436223209772,
    0.8060271851988305
  ],
  "9": [
    0.6097110612707832,
    0.8060271851988305
  ],
  "4": [
    0.02579651166093261,
    0.8416666570522546
  ],
  "2": [
    0.4207436223209772,
    0.9292592069853447
  ],
  "1": [
    0.0,
    1.0
  ]
}