{
  "7": [
    0.3664096870285554,
    0.0
  ],
  "10": [
    0.8619597583945364,
    0.05229437515123518
  ],
  "11": [
    0.8741928981815226,
    0.2081818423654947
  ],
  "2": [
    1.0,
    0.2081818423654947
  ],
  "3": [
    0.8741928981815226,
    0.2837682255976124
  ],
  "12": [
    0.8741928981815226,
    0.7727727566419421
  ],
  "13": [
    0.8856114551433192,
    0.7727727566419421
  ],
  "15": [
    0.6476855176743724,
    0.7772801404997194
  ],
  "4": [
    0.9914705231397418,
    0.7727727566419421
  ],
  "6": [
    0.2585042108187214,
    0.774856029225415
  ],
  "14": [
    0.2585042108187214,
    0.7772801404997194
  ],
  "17": [
    0.0,
    0.8996427652415645
  ],
  "5": [
    0.27705259063027904,
    0.7772801404997194
  ],
  "18": [
    0.27705259063027904,
    0.8996427652415645
  ],
  "16": [
    0.6476855176743724,
    0.7924106925893355
  ],
  "9": [
    0.8856114551433192,
    0.7924106925893355
  ],
  "1": [
    0.6476855176743724,
    0.8996427652415645
  ],
  "8": [
    0.0,
    1.0
  ]
}