{
  "6": [
    0.15584538993613464,
    0.0
  ],
  "12": [
    0.15584538993613464,
    0.05295043253118837
  ],
  "11": [
    0.1302565664330408,
    0.05295043253118837
  ],
  "5": [
    0.0,
    0.05295043253118837
  ],
  "16": [
    0.1302565664330408,
    0.6912465516274563
  ],
  "13": [
    0.15584538993613464,
    0.14138331147585362
  ],
  "14": [
    0.5116441827694641,
    0.14138331147585362
  ],
  "15": [
    0.1793421144073626,
    0.4500832131134764
  ],
  "8": [
    0.6449946730511832,
    0.14138331147585362
  ],
  "10": [
    0.5116441827694641,
    0.4500832131134764
  ],
  "17": [
    0.5116441827694641,
    0.6912465516274563
  ],
  "2": [
    0.1793421144073626,
    0.6912465516274563
  ],
  "3": [
    0.1302565664330408,
    0.6961899564471682
  ],
  "1": [
    1.0,
    0.8383581738124041
  ],
  "18": [
    0.749410605959607,
    0.9840503612991568
  ],
  "9": [
    0.515529767412895,
    0.9245349503257352
  ],
  "4": [
    0.5381449634063178,
    0.9840503612991568
  ],
  "7": [
    0.749410605959607,
    1.0
  ]
}