{
  "3": [
    0.0,
    0.23239827121855605
  ],
  "10": [
    0.034641444476999704,
    0.33104443802813227
  ],
  "2": [
    0.8523969769566192,
    0.31599029141526064
  ],
  "12": [
    0.8523969769566192,
    0.6280743188008027
  ],
  "4": [
    0.8629457437824236,
    0.0
  ],
  "6": [
    0.2833002275038348,
    0.3436370839454032
  ],
  "7": [
    0.28994706657934194,
    0.4360176126207229
  ],
  "11": [
    0.28994706657934194,
    0.5737329783159013
  ],
  "9": [
    0.3528320564967857,
    0.5737329783159013
  ],
  "5": [
    0.5895620766618983,
    0.6280743188008027
  ],
  "8": [
    1.0,
    0.6402462781181911
  ],
  "1": [
    0.28197204460453973,
    1.0
  ]
}