{
  "1": [
    0.48918005515165486,
    0.0
  ],
  "11": [
    0.48918005515165486,
    0.04182275241080278
  ],
  "2": [
    0.17014566037459705,
    0.04182275241080278
  ],
  "12": [
    0.17014566037459705,
    0.5600971502892033
  ],
  "4": [
    0.5551709656580736,
    0.09060465140743705
  ],
  "14": [
    0.5551709656580736,
    0.5600971502892033
  ],
  "13": [
    0.1851533392986777,
    0.5600971502892033
  ],
  "16": [
    0.17014566037459705,
    0.5929255807583274
  ],
  "17": [
    0.1851533392986777,
    0.5929255807583274
  ],
  "15": [
    0.7980828505293667,
    0.5600971502892033
  ],
  "8": [
    0.8011297565388752,
    0.5600971502892033
  ],
  "6": [
    0.0,
    0.5929255807583274
  ],
  "19": [
    0.1851533392986777,
    0.816536022300343
  ],
  "3": [
    0.7980828505293667,
    0.7144861394645385
  ],
  "18": [
    0.7980828505293667,
    0.7581658376597669
  ],
  "9": [
    0.6862834617264617,
    0.7581658376597669
  ],
  "21": [
    0.7980828505293667,
    1.0
  ],
  "7": [
    0.6470997409099982,
    0.816536022300343
  ],
  "20": [
    0.6470997409099982,
    0.9513305818679633
  ],
  "5": [
    0.1851533392986777,
    0.9513305818679633
  ],
  "10": [
    1.0,
    1.0
  ]
}