{
  "7": [
    0.0,
    0.0
  ],
  "11": [
    0.2408200322881516,
    0.04624179698200398
  ],
  "8": [
    0.42755911489562126,
    0.04624179698200398
  ],
  "12": [
    0.7659305773753637,
    0.1551779842419767
  ],
  "9": [
    0.826949451380303,
    0.1551779842419767
  ],
  "3": [
    0.7659305773753637,
    0.3110010578252542
  ],
  "15": [
    0.7659305773753637,
    0.519078100418691
  ],
  "4": [
    0.2408200322881516,
    0.45696307789253493
  ],
  "13": [
    0.2408200322881516,
    0.519078100418691
  ],
  "14": [
    0.36107124154450154,
    0.519078100418691
  ],
  "17": [
    0.3500621283531493,
    0.6851959683540261
  ],
  "16": [
    0.7922695905726034,
    0.519078100418691
  ],
  "1": [
    1.0,
    0.519078100418691
  ],
  "10": [
    0.7922695905726034,
    0.5690496788087394
  ],
  "18": [
    0.7922695905726034,
    0.6851959683540261
  ],
  "2": [
    0.36107124154450154,
    0.6851959683540261
  ],
  "5": [
    0.8288481620233082,
    0.7969595915083808
  ],
  "6": [
    0.3500621283531493,
    1.0
  ]
}