{
  "5": [
    1.0,
    0.0
  ],
  "10": [
    0.8902286525976217,
    0.3787531284289578
  ],
  "1": [
    0.33358656878599935,
    0.297720033733353
  ],
  "9": [
    0.3407238409870736,
    0.3646531702967641
  ],
  "8": [
    0.32740644207984404,
    0.22093851792747904
  ],
  "11": [
    0.3407238409870736,
    0.44925638615555263
  ],
  "13": [
    0.8350505177729851,
    0.4782812249310233
  ],
  "2": [
    0.0,
    0.44925638615555263
  ],
  "12": [
    0.5008060141698383,
    0.4782812249310233
  ],
  "4": [
    0.7565454536704135,
    0.4782812249310233
  ],
  "3": [
    0.5008060141698383,
    0.5309579071931091
  ],
  "6": [
    0.8350505177729851,
    0.6082187149333211
  ],
  "7": [
    0.8393033239148683,
    1.0
  ]
}