{
  "9": [
    0.41094888684084224,
    0.0
  ],
  "11": [
    0.41094888684084224,
    0.04013610085498466
  ],
  "3": [
    0.906766994779444,
    0.025383573496580006
  ],
  "13": [
    0.906766994779444,
    0.1681976775659724
  ],
  "10": [
    0.5486854386827592,
    0.04013610085498466
  ],
  "2": [
    0.0,
    0.04148783951208499
  ],
  "12": [
    0.03212747225567474,
    0.14944026685703743
  ],
  "5": [
    0.12732665133576154,
    0.14944026685703743
  ],
  "8": [
    0.7998716208457124,
    0.1681976775659724
  ],
  "14": [
    0.9999475883269193,
    0.42663341575450864
  ],
  "4": [
    1.0,
    0.42663341575450864
  ],
  "7": [
    0.9999475883269193,
    0.6884865216302627
  ],
  "1": [
    0.03212747225567474,
    0.7668406521731652
  ],
  "6": [
    0.7909423501040872,
    1.0
  ]
}