{
  "2": [
    0.34425976100938477,
    0.10716782511785031
  ],
  "11": [
    0.34425976100938477,
    0.13661251088526724
  ],
  "8": [
    0.3469800321770455,
    0.0
  ],
  "7": [
    0.4370939997600943,
    0.13661251088526724
  ],
  "12": [
    0.18733112306792424,
    0.4112984684273058
  ],
  "13": [
    0.18733112306792424,
    0.46886556230223814
  ],
  "1": [
    0.3140491077114849,
    0.4112984684273058
  ],
  "14": [
    0.3140491077114849,
    0.46886556230223814
  ],
  "4": [
    0.1484507840836158,
    0.46886556230223814
  ],
  "6": [
    0.0,
    0.48322339783579515
  ],
  "15": [
    0.6484124486335885,
    0.5891707893739689
  ],
  "3": [
    1.0,
    0.5891707893739689
  ],
  "9": [
    0.6484124486335885,
    0.6912172256727976
  ],
  "16": [
    0.6374868453758172,
    0.9000319821897591
  ],
  "5": [
    0.18733112306792424,
    0.9000319821897591
  ],
  "10": [
    0.6374868453758172,
    1.0
  ]
}