{
  "5": [
    0.815888391282262,
    0.0
  ],
  "6": [
    0.8325878755476674,
    0.3269992348573952
  ],
  "10": [
    0.08394148247630683,
    0.046027536668765676
  ],
  "11": [
    0.08394148247630683,
    0.05611512127768939
  ],
  "7": [
    0.05679079114058136,
    0.05611512127768939
  ],
  "13": [
    0.8325878755476674,
    0.6974816838404422
  ],
  "9": [
    0.22605438041151174,
    0.3909682369411978
  ],
  "12": [
    0.22605438041151174,
    0.6974816838404422
  ],
  "4": [
    0.3219947974267067,
    0.6974816838404422
  ],
  "1": [
    1.0,
    0.876894574447623
  ],
  "3": [
    0.022791251031302563,
    0.9086438776129244
  ],
  "14": [
    0.022791251031302563,
    0.9820213826084544
  ],
  "2": [
    0.0,
    0.9820213826084544
  ],
  "8": [
    0.0808709025807677,
    1.0
  ]
}