{
  "3": [
    0.14161798508397655,
    0.0
  ],
  "11": [
    0.14161798508397655,
    0.32739771438999526
  ],
  "7": [
    0.40926129359375796,
    0.32739771438999526
  ],
  "13": [
    0.40926129359375796,
    0.7445476011204202
  ],
  "9": [
    0.06009456277714117,
    0.4120970987102826
  ],
  "1": [
    0.8893328290175587,
    0.49847816368717246
  ],
  "12": [
    0.8893328290175587,
    0.6246467505647068
  ],
  "4": [
    0.7493972185136875,
    0.6246467505647068
  ],
  "8": [
    1.0,
    0.6345719355344808
  ],
  "14": [
    0.3239340866104043,
    0.8732929969796969
  ],
  "2": [
    0.6148540111724425,
    0.7445476011204202
  ],
  "10": [
    0.2221468551195884,
    0.8732929969796969
  ],
  "6": [
    0.0,
    0.9636589453424247
  ],
  "5": [
    0.3239340866104043,
    1.0
  ]
}