{
  "2": [
    0.6831882541442543,
    0.0
  ],
  "11": [
    0.6831882541442543,
    0.343213279891446
  ],
  "12": [
    0.532824524014321,
    0.35117010937667864
  ],
  "7": [
    1.0,
    0.343213279891446
  ],
  "8": [
    0.24843052302656995,
    0.35117010937667864
  ],
  "13": [
    0.24843052302656995,
    0.4843130252225743
  ],
  "17": [
    0.24843052302656995,
    0.7417771847164387
  ],
  "14": [
    0.17577694920944034,
    0.5261029717267639
  ],
  "6": [
    0.532824524014321,
    0.4843130252225743
  ],
  "10": [
    0.0159159165717446,
    0.5261029717267639
  ],
  "15": [
    0.0159159165717446,
    0.7417771847164387
  ],
  "16": [
    0.053645761348815796,
    0.7417771847164387
  ],
  "18": [
    0.0159159165717446,
    0.8172196751648005
  ],
  "19": [
    0.053645761348815796,
    0.8172196751648005
  ],
  "3": [
    0.17577694920944034,
    0.7417771847164387
  ],
  "22": [
    0.17577694920944034,
    0.8969627359945601
  ],
  "23": [
    0.24843052302656995,
    0.8969627359945601
  ],
  "1": [
    0.0,
    0.8172196751648005
  ],
  "20": [
    0.0159159165717446,
    0.8969627359945601
  ],
  "21": [
    0.053645761348815796,
    0.8969627359945601
  ],
  "24": [
    0.02559593950903426,
    0.9528058580891967
  ],
  "9": [
    0.35240541513884,
    0.8969627359945601
  ],
  "4": [
    0.053645761348815796,
    0.9528058580891967
  ],
  "5": [
    0.02559593950903426,
    1.0
  ]
}