{
  "11": [
    0.5819298347275859,
    0.15280987492978307
  ],
  "12": [
    0.5819298347275859,
    0.16412822035878255
  ],
  "1": [
    0.6421805890524039,
    0.15280987492978307
  ],
  "2": [
    0.738592966163454,
    0.0
  ],
  "7": [
    0.13541700824842265,
    0.16412822035878255
  ],
  "13": [
    0.13541700824842265,
    0.5355396691613739
  ],
  "5": [
    0.09394310599298733,
    0.5355396691613739
  ],
  "16": [
    0.09394310599298733,
    0.7041855044627777
  ],
  "9": [
    0.0,
    0.7041855044627777
  ],
  "14": [
    0.48805860127942113,
    0.5512024777183683
  ],
  "15": [
    0.5430869168160642,
    0.5512024777183683
  ],
  "19": [
    0.5430869168160642,
    0.8133561683289088
  ],
  "8": [
    0.5819298347275859,
    0.5512024777183683
  ],
  "17": [
    0.09394310599298733,
    0.8133561683289088
  ],
  "18": [
    0.3980716296755149,
    0.8133561683289088
  ],
  "10": [
    0.48805860127942113,
    0.8133561683289088
  ],
  "20": [
    0.48805860127942113,
    0.8138620296848799
  ],
  "21": [
    0.5430869168160642,
    0.9882145018043271
  ],
  "6": [
    0.3980716296755149,
    0.8138620296848799
  ],
  "3": [
    1.0,
    0.9882145018043271
  ],
  "4": [
    0.5430869168160642,
    1.0
  ]
}