{
  "7": [
    0.9992871355382519,
    0.0
  ],
  "12": [
    0.78650418635848,
    0.057539293082331966
  ],
  "3": [
    0.6777078792800979,
    0.013302372204195214
  ],
  "11": [
    0.6777078792800979,
    0.057539293082331966
  ],
  "9": [
    0.7216576565284792,
    0.057539293082331966
  ],
  "10": [
    0.5084388797590107,
    0.07329614112999687
  ],
  "13": [
    0.4705673994611278,
    0.31441341004864226
  ],
  "8": [
    0.78650418635848,
    0.09057037586820997
  ],
  "16": [
    0.78650418635848,
    0.5674406437788424
  ],
  "5": [
    0.07081324983623384,
    0.31441341004864226
  ],
  "15": [
    0.07081324983623384,
    0.5674406437788424
  ],
  "14": [
    0.0,
    0.5674406437788424
  ],
  "4": [
    0.4705673994611278,
    0.5674406437788424
  ],
  "17": [
    0.78650418635848,
    0.6559171691396721
  ],
  "2": [
    0.7963407420142031,
    0.6559171691396721
  ],
  "6": [
    0.0,
    0.7777530715771007
  ],
  "1": [
    1.0,
    1.0
  ]
}